000192.mp4, 0
000193.mp4, 1
000194.mp4, 10
000195.mp4, 11
000196.mp4, 17
000197.mp4, 14
000198.mp4, 2
000199.mp4, 20
000200.mp4, 21
000201.mp4, 22
000202.mp4, 23
000203.mp4, 24
000204.mp4, 25
000205.mp4, 26
000206.mp4, 27
000207.mp4, 28
000208.mp4, 29
000209.mp4, 30
000210.mp4, 31
000211.mp4, 32
000212.mp4, 33
000213.mp4, 34
000214.mp4, 35
000215.mp4, 36
000216.mp4, 37
000217.mp4, 38
000218.mp4, 39
000219.mp4, 4
000220.mp4, 40
000221.mp4, 41
000222.mp4, 42
000223.mp4, 42
000224.mp4, 44
000225.mp4, 45
000226.mp4, 46
000227.mp4, 47
000228.mp4, 48
000229.mp4, 49
000230.mp4, 5
000231.mp4, 50
000232.mp4, 51
000233.mp4, 52
000234.mp4, 53
000235.mp4, 54
000236.mp4, 55
000237.mp4, 56
000238.mp4, 57
000239.mp4, 58
000240.mp4, 59
000241.mp4, 6
000242.mp4, 60
000243.mp4, 61
000244.mp4, 62
000245.mp4, 63
000246.mp4, 64
000247.mp4, 65
000248.mp4, 66
000249.mp4, 67
000250.mp4, 68
000251.mp4, 69
000252.mp4, 7
000253.mp4, 70
000254.mp4, 49
000255.mp4, 72
000256.mp4, 73
000257.mp4, 74
000258.mp4, 30
000259.mp4, 76
000260.mp4, 77
000261.mp4, 78
000262.mp4, 79
000263.mp4, 8
000264.mp4, 80
000265.mp4, 81
000266.mp4, 82
000267.mp4, 83
000268.mp4, 84
000269.mp4, 85
000270.mp4, 87
000271.mp4, 88
000272.mp4, 89
000273.mp4, 9
000274.mp4, 90
000275.mp4, 91
000276.mp4, 91
000277.mp4, 93
000278.mp4, 95
000279.mp4, 96
000280.mp4, 97
000281.mp4, 60
000282.mp4, 99
000283.mp4, 0
000284.mp4, 1
000285.mp4, 10
000286.mp4, 11
000287.mp4, 17
000288.mp4, 14
000289.mp4, 18
000290.mp4, 2
000291.mp4, 20
000292.mp4, 21
000293.mp4, 22
000294.mp4, 23
000295.mp4, 24
000296.mp4, 25
000297.mp4, 26
000298.mp4, 27
000299.mp4, 28
000300.mp4, 29
000301.mp4, 3
000302.mp4, 30
000303.mp4, 31
000304.mp4, 32
000305.mp4, 33
000306.mp4, 34
000307.mp4, 35
000308.mp4, 38
000309.mp4, 37
000310.mp4, 38
000311.mp4, 39
000312.mp4, 4
000313.mp4, 40
000314.mp4, 41
000315.mp4, 42
000316.mp4, 43
000317.mp4, 44
000318.mp4, 45
000319.mp4, 46
000320.mp4, 47
000321.mp4, 48
000322.mp4, 49
000323.mp4, 5
000324.mp4, 50
000325.mp4, 51
000326.mp4, 52
000327.mp4, 53
000328.mp4, 54
000329.mp4, 55
000330.mp4, 56
000331.mp4, 57
000332.mp4, 58
000333.mp4, 59
000334.mp4, 6
000335.mp4, 60
000336.mp4, 61
000337.mp4, 62
000338.mp4, 63
000339.mp4, 64
000340.mp4, 65
000341.mp4, 66
000342.mp4, 67
000343.mp4, 68
000344.mp4, 69
000345.mp4, 7
000346.mp4, 70
000347.mp4, 71
000348.mp4, 72
000349.mp4, 73
000350.mp4, 74
000351.mp4, 75
000352.mp4, 76
000353.mp4, 77
000354.mp4, 78
000355.mp4, 79
000356.mp4, 8
000357.mp4, 80
000358.mp4, 81
000359.mp4, 82
000360.mp4, 83
000361.mp4, 84
000362.mp4, 85
000363.mp4, 87
000364.mp4, 88
000365.mp4, 89
000366.mp4, 9
000367.mp4, 90
000368.mp4, 91
000369.mp4, 92
000370.mp4, 93
000371.mp4, 94
000372.mp4, 95
000373.mp4, 96
000374.mp4, 97
000375.mp4, 98
000376.mp4, 99
000377.mp4, 0
000378.mp4, 1
000379.mp4, 10
000380.mp4, 11
000381.mp4, 12
000382.mp4, 13
000383.mp4, 33
000384.mp4, 12
000385.mp4, 18
000386.mp4, 41
000387.mp4, 2
000388.mp4, 20
000389.mp4, 21
000390.mp4, 22
000391.mp4, 23
000392.mp4, 24
000393.mp4, 25
000394.mp4, 99
000395.mp4, 28
000396.mp4, 29
000397.mp4, 3
000398.mp4, 34
000399.mp4, 35
000400.mp4, 36
000401.mp4, 37
000402.mp4, 25
000403.mp4, 39
000404.mp4, 4
000405.mp4, 9
000406.mp4, 41
000407.mp4, 42
000408.mp4, 43
000409.mp4, 44
000410.mp4, 78
000411.mp4, 83
000412.mp4, 47
000413.mp4, 48
000414.mp4, 49
000415.mp4, 5
000416.mp4, 50
000417.mp4, 51
000418.mp4, 54
000419.mp4, 55
000420.mp4, 56
000421.mp4, 57
000422.mp4, 58
000423.mp4, 59
000424.mp4, 6
000425.mp4, 60
000426.mp4, 62
000427.mp4, 63
000428.mp4, 64
000429.mp4, 65
000430.mp4, 66
000431.mp4, 67
000432.mp4, 68
000433.mp4, 69
000434.mp4, 7
000435.mp4, 75
000436.mp4, 76
000437.mp4, 77
000438.mp4, 78
000439.mp4, 79
000440.mp4, 8
000441.mp4, 80
000442.mp4, 81
000443.mp4, 82
000444.mp4, 83
000445.mp4, 84
000446.mp4, 85
000447.mp4, 86
000448.mp4, 87
000449.mp4, 88
000450.mp4, 89
000451.mp4, 9
000452.mp4, 90
000453.mp4, 91
000454.mp4, 52
000455.mp4, 93
000456.mp4, 94
000457.mp4, 95
000458.mp4, 96
000459.mp4, 97
000460.mp4, 98
000461.mp4, 99
001184.mp4, 0
001185.mp4, 1
001186.mp4, 10
001187.mp4, 11
001188.mp4, 12
001189.mp4, 14
001190.mp4, 17
001191.mp4, 18
001192.mp4, 2
001193.mp4, 20
001194.mp4, 21
001195.mp4, 22
001196.mp4, 23
001197.mp4, 24
001198.mp4, 25
001199.mp4, 26
001200.mp4, 27
001201.mp4, 28
001202.mp4, 29
001203.mp4, 3
001204.mp4, 30
001205.mp4, 31
001206.mp4, 32
001207.mp4, 33
001208.mp4, 34
001209.mp4, 35
001210.mp4, 36
001211.mp4, 37
001212.mp4, 38
001213.mp4, 39
001214.mp4, 4
001215.mp4, 40
001216.mp4, 41
001217.mp4, 42
001218.mp4, 43
001219.mp4, 45
001220.mp4, 46
001221.mp4, 47
001222.mp4, 48
001223.mp4, 49
001224.mp4, 5
001225.mp4, 50
001226.mp4, 51
001227.mp4, 52
001228.mp4, 53
001229.mp4, 54
001230.mp4, 55
001231.mp4, 56
001232.mp4, 57
001233.mp4, 58
001234.mp4, 59
001235.mp4, 6
001236.mp4, 60
001237.mp4, 61
001238.mp4, 62
001239.mp4, 63
001240.mp4, 64
001241.mp4, 65
001242.mp4, 66
001243.mp4, 67
001244.mp4, 68
001245.mp4, 69
001246.mp4, 7
001247.mp4, 70
001248.mp4, 71
001249.mp4, 72
001250.mp4, 73
001251.mp4, 74
001252.mp4, 75
001253.mp4, 76
001254.mp4, 77
001255.mp4, 78
001256.mp4, 79
001257.mp4, 8
001258.mp4, 80
001259.mp4, 81
001260.mp4, 82
001261.mp4, 83
001262.mp4, 84
001263.mp4, 85
001264.mp4, 86
001265.mp4, 87
001266.mp4, 88
001267.mp4, 89
001268.mp4, 9
001269.mp4, 90
001270.mp4, 91
001271.mp4, 41
001272.mp4, 93
001273.mp4, 94
001274.mp4, 95
001275.mp4, 96
001276.mp4, 98
001277.mp4, 99
001468.mp4, 0
001469.mp4, 1
001470.mp4, 10
001471.mp4, 11
001472.mp4, 12
001473.mp4, 14
001474.mp4, 17
001475.mp4, 18
001476.mp4, 2
001477.mp4, 20
001478.mp4, 21
001479.mp4, 22
001480.mp4, 23
001481.mp4, 24
001482.mp4, 25
001483.mp4, 26
001484.mp4, 27
001485.mp4, 28
001486.mp4, 29
001487.mp4, 3
001488.mp4, 30
001489.mp4, 31
001490.mp4, 32
001491.mp4, 33
001492.mp4, 34
001493.mp4, 35
001494.mp4, 36
001495.mp4, 37
001496.mp4, 38
001497.mp4, 39
001498.mp4, 4
001499.mp4, 40
001500.mp4, 41
001501.mp4, 42
001502.mp4, 43
001503.mp4, 44
001504.mp4, 45
001505.mp4, 46
001506.mp4, 47
001507.mp4, 48
001508.mp4, 49
001509.mp4, 5
001510.mp4, 50
001511.mp4, 51
001512.mp4, 52
001513.mp4, 53
001514.mp4, 54
001515.mp4, 55
001516.mp4, 56
001517.mp4, 57
001518.mp4, 58
001519.mp4, 59
001520.mp4, 6
001521.mp4, 60
001522.mp4, 61
001523.mp4, 62
001524.mp4, 63
001525.mp4, 64
001526.mp4, 65
001527.mp4, 66
001528.mp4, 67
001529.mp4, 68
001530.mp4, 69
001531.mp4, 7
001532.mp4, 70
001533.mp4, 49
001534.mp4, 72
001535.mp4, 73
001536.mp4, 74
001537.mp4, 30
001538.mp4, 76
001539.mp4, 77
001540.mp4, 78
001541.mp4, 79
001542.mp4, 8
001543.mp4, 80
001544.mp4, 81
001545.mp4, 82
001546.mp4, 83
001547.mp4, 84
001548.mp4, 85
001549.mp4, 87
001550.mp4, 88
001551.mp4, 89
001552.mp4, 9
001553.mp4, 90
001554.mp4, 91
001555.mp4, 91
001556.mp4, 93
001557.mp4, 95
001558.mp4, 96
001559.mp4, 97
001560.mp4, 60
001561.mp4, 99
001562.mp4, 0
001563.mp4, 1
001564.mp4, 10
001565.mp4, 2
001566.mp4, 3
001567.mp4, 4
001568.mp4, 5
001569.mp4, 6
001570.mp4, 7
001571.mp4, 8
001572.mp4, 9
001573.mp4, 0
001574.mp4, 1
001575.mp4, 10
001576.mp4, 11
001577.mp4, 12
001578.mp4, 13
001579.mp4, 33
001580.mp4, 12
001581.mp4, 18
001582.mp4, 19
001583.mp4, 2
001584.mp4, 20
001585.mp4, 21
001586.mp4, 22
001587.mp4, 23
001588.mp4, 24
001589.mp4, 25
001590.mp4, 26
001591.mp4, 27
001592.mp4, 28
001593.mp4, 29
001594.mp4, 3
001595.mp4, 75
001596.mp4, 31
001597.mp4, 32
001598.mp4, 33
001599.mp4, 34
001600.mp4, 35
001601.mp4, 36
001602.mp4, 37
001603.mp4, 38
001604.mp4, 39
001605.mp4, 4
001606.mp4, 40
001607.mp4, 41
001608.mp4, 42
001609.mp4, 43
001610.mp4, 44
001611.mp4, 78
001612.mp4, 61
001613.mp4, 47
001614.mp4, 48
001615.mp4, 49
001616.mp4, 5
001617.mp4, 50
001618.mp4, 51
001619.mp4, 52
001620.mp4, 53
001621.mp4, 54
001622.mp4, 55
001623.mp4, 56
001624.mp4, 57
001625.mp4, 58
001626.mp4, 59
001627.mp4, 6
001628.mp4, 60
001629.mp4, 61
001630.mp4, 62
001631.mp4, 63
001632.mp4, 64
001633.mp4, 65
001634.mp4, 66
001635.mp4, 67
001636.mp4, 68
001637.mp4, 69
001638.mp4, 7
001639.mp4, 44
001640.mp4, 44
001641.mp4, 72
001642.mp4, 73
001643.mp4, 74
001644.mp4, 75
001645.mp4, 76
001646.mp4, 77
001647.mp4, 78
001648.mp4, 79
001649.mp4, 8
001650.mp4, 80
001651.mp4, 81
001652.mp4, 81
001653.mp4, 83
001654.mp4, 84
001655.mp4, 85
001656.mp4, 86
001657.mp4, 87
001658.mp4, 88
001659.mp4, 89
001660.mp4, 9
001661.mp4, 90
001662.mp4, 91
001663.mp4, 52
001664.mp4, 93
001665.mp4, 94
001666.mp4, 95
001667.mp4, 27
001668.mp4, 97
001669.mp4, 98
001670.mp4, 99
002337.mp4, 0
002338.mp4, 1
002339.mp4, 10
002340.mp4, 11
002341.mp4, 12
002342.mp4, 13
002343.mp4, 33
002344.mp4, 12
002345.mp4, 18
002346.mp4, 19
002347.mp4, 2
002348.mp4, 20
002349.mp4, 21
002350.mp4, 22
002351.mp4, 23
002352.mp4, 24
002353.mp4, 25
002354.mp4, 26
002355.mp4, 99
002356.mp4, 28
002357.mp4, 29
002358.mp4, 3
002359.mp4, 75
002360.mp4, 31
002361.mp4, 32
002362.mp4, 33
002363.mp4, 34
002364.mp4, 35
002365.mp4, 36
002366.mp4, 37
002367.mp4, 38
002368.mp4, 39
002369.mp4, 4
002370.mp4, 77
002371.mp4, 41
002372.mp4, 42
002373.mp4, 43
002374.mp4, 44
002375.mp4, 78
002376.mp4, 61
002377.mp4, 47
002378.mp4, 48
002379.mp4, 49
002380.mp4, 5
002381.mp4, 50
002382.mp4, 24
002383.mp4, 52
002384.mp4, 53
002385.mp4, 54
002386.mp4, 55
002387.mp4, 56
002388.mp4, 57
002389.mp4, 58
002390.mp4, 59
002391.mp4, 6
002392.mp4, 60
002393.mp4, 61
002394.mp4, 62
002395.mp4, 63
002396.mp4, 64
002397.mp4, 65
002398.mp4, 66
002399.mp4, 67
002400.mp4, 68
002401.mp4, 69
002402.mp4, 7
002403.mp4, 18
002404.mp4, 44
002405.mp4, 72
002406.mp4, 73
002407.mp4, 74
002408.mp4, 75
002409.mp4, 76
002410.mp4, 77
002411.mp4, 78
002412.mp4, 79
002413.mp4, 8
002414.mp4, 80
002415.mp4, 81
002416.mp4, 82
002417.mp4, 83
002418.mp4, 84
002419.mp4, 85
002420.mp4, 86
002421.mp4, 88
002422.mp4, 89
002423.mp4, 9
002424.mp4, 90
002425.mp4, 91
002426.mp4, 52
002427.mp4, 93
002428.mp4, 94
002429.mp4, 95
002430.mp4, 96
002431.mp4, 97
002432.mp4, 98
002433.mp4, 99
003325.mp4, 0
003326.mp4, 1
003327.mp4, 2
003328.mp4, 4
003329.mp4, 3
003330.mp4, 5
003331.mp4, 6
003332.mp4, 7
003333.mp4, 8
003334.mp4, 9
003335.mp4, 10
003336.mp4, 17
003337.mp4, 11
003338.mp4, 14
003339.mp4, 12
003340.mp4, 18
003341.mp4, 20
003342.mp4, 21
003343.mp4, 22
003344.mp4, 23
003345.mp4, 24
003346.mp4, 25
003347.mp4, 26
003348.mp4, 27
003349.mp4, 28
003350.mp4, 29
003351.mp4, 30
003352.mp4, 31
003353.mp4, 32
003354.mp4, 34
003355.mp4, 35
003356.mp4, 37
003357.mp4, 38
003358.mp4, 39
003359.mp4, 40
003360.mp4, 41
003361.mp4, 42
003362.mp4, 43
003363.mp4, 44
003364.mp4, 45
003365.mp4, 46
003366.mp4, 47
003367.mp4, 48
003368.mp4, 49
003369.mp4, 50
003370.mp4, 51
003371.mp4, 52
003372.mp4, 53
003373.mp4, 54
003374.mp4, 55
003375.mp4, 56
003376.mp4, 57
003377.mp4, 58
003378.mp4, 59
003379.mp4, 60
003380.mp4, 61
003381.mp4, 62
003382.mp4, 63
003383.mp4, 64
003384.mp4, 65
003385.mp4, 66
003386.mp4, 67
003387.mp4, 68
003388.mp4, 69
003389.mp4, 70
003390.mp4, 71
003391.mp4, 72
003392.mp4, 73
003393.mp4, 74
003394.mp4, 75
003395.mp4, 76
003396.mp4, 77
003397.mp4, 78
003398.mp4, 79
003399.mp4, 80
003400.mp4, 81
003401.mp4, 83
003402.mp4, 82
003403.mp4, 84
003404.mp4, 85
003405.mp4, 86
003406.mp4, 87
003407.mp4, 88
003408.mp4, 89
003409.mp4, 90
003410.mp4, 91
003411.mp4, 92
003412.mp4, 93
003413.mp4, 94
003414.mp4, 95
003415.mp4, 96
003416.mp4, 97
003417.mp4, 98
003418.mp4, 99
003419.mp4, 0
003420.mp4, 1
003421.mp4, 2
003422.mp4, 3
003423.mp4, 4
003424.mp4, 5
003425.mp4, 6
003426.mp4, 7
003427.mp4, 8
003428.mp4, 9
003429.mp4, 10
003430.mp4, 11
003431.mp4, 17
003432.mp4, 14
003433.mp4, 12
003434.mp4, 18
003435.mp4, 20
003436.mp4, 21
003437.mp4, 22
003438.mp4, 23
003439.mp4, 24
003440.mp4, 25
003441.mp4, 26
003442.mp4, 27
003443.mp4, 28
003444.mp4, 29
003445.mp4, 30
003446.mp4, 31
003447.mp4, 32
003448.mp4, 33
003449.mp4, 34
003450.mp4, 35
003451.mp4, 38
003452.mp4, 37
003453.mp4, 38
003454.mp4, 39
003455.mp4, 40
003456.mp4, 41
003457.mp4, 42
003458.mp4, 43
003459.mp4, 44
003460.mp4, 45
003461.mp4, 46
003462.mp4, 47
003463.mp4, 48
003464.mp4, 49
003465.mp4, 50
003466.mp4, 51
003467.mp4, 52
003468.mp4, 53
003469.mp4, 54
003470.mp4, 55
003471.mp4, 56
003472.mp4, 57
003473.mp4, 58
003474.mp4, 59
003475.mp4, 60
003476.mp4, 61
003477.mp4, 62
003478.mp4, 63
003479.mp4, 65
003480.mp4, 66
003481.mp4, 67
003482.mp4, 68
003483.mp4, 69
003484.mp4, 70
003485.mp4, 71
003486.mp4, 72
003487.mp4, 73
003488.mp4, 74
003489.mp4, 75
003490.mp4, 76
003491.mp4, 77
003492.mp4, 78
003493.mp4, 79
003494.mp4, 80
003495.mp4, 81
003496.mp4, 82
003497.mp4, 83
003498.mp4, 84
003499.mp4, 85
003500.mp4, 87
003501.mp4, 88
003502.mp4, 89
003503.mp4, 90
003504.mp4, 91
003505.mp4, 92
003506.mp4, 93
003507.mp4, 94
003508.mp4, 95
003509.mp4, 96
003510.mp4, 97
003511.mp4, 98
003512.mp4, 99
003513.mp4, 64
003514.mp4, 62
003515.mp4, 64
003516.mp4, 0
003517.mp4, 1
003518.mp4, 2
003519.mp4, 3
003520.mp4, 4
003521.mp4, 5
003522.mp4, 6
003523.mp4, 7
003524.mp4, 8
003525.mp4, 9
003526.mp4, 10
003527.mp4, 11
003528.mp4, 17
003529.mp4, 14
003530.mp4, 12
003531.mp4, 18
003532.mp4, 20
003533.mp4, 21
003534.mp4, 22
003535.mp4, 23
003536.mp4, 24
003537.mp4, 25
003538.mp4, 26
003539.mp4, 27
003540.mp4, 27
003541.mp4, 28
003542.mp4, 29
003543.mp4, 30
003544.mp4, 31
003545.mp4, 32
003546.mp4, 33
003547.mp4, 34
003548.mp4, 35
003549.mp4, 36
003550.mp4, 37
003551.mp4, 38
003552.mp4, 39
003553.mp4, 40
003554.mp4, 41
003555.mp4, 42
003556.mp4, 73
003557.mp4, 44
003558.mp4, 45
003559.mp4, 46
003560.mp4, 47
003561.mp4, 48
003562.mp4, 49
003563.mp4, 50
003564.mp4, 51
003565.mp4, 52
003566.mp4, 53
003567.mp4, 54
003568.mp4, 4
003569.mp4, 56
003570.mp4, 57
003571.mp4, 58
003572.mp4, 59
003573.mp4, 60
003574.mp4, 60
003575.mp4, 61
003576.mp4, 62
003577.mp4, 63
003578.mp4, 64
003579.mp4, 65
003580.mp4, 66
003581.mp4, 67
003582.mp4, 68
003583.mp4, 69
003584.mp4, 70
003585.mp4, 71
003586.mp4, 72
003587.mp4, 73
003588.mp4, 74
003589.mp4, 30
003590.mp4, 76
003591.mp4, 77
003592.mp4, 78
003593.mp4, 79
003594.mp4, 80
003595.mp4, 81
003596.mp4, 82
003597.mp4, 83
003598.mp4, 84
003599.mp4, 85
003600.mp4, 86
003601.mp4, 87
003602.mp4, 88
003603.mp4, 89
003604.mp4, 90
003605.mp4, 91
003606.mp4, 92
003607.mp4, 93
003608.mp4, 94
003609.mp4, 95
003610.mp4, 96
003611.mp4, 97
003612.mp4, 60
003613.mp4, 99
003614.mp4, 0
003615.mp4, 1
003616.mp4, 2
003617.mp4, 3
003618.mp4, 4
003619.mp4, 5
003620.mp4, 6
003621.mp4, 9
003622.mp4, 10
003623.mp4, 14
003624.mp4, 12
003625.mp4, 18
003626.mp4, 20
003627.mp4, 27
003628.mp4, 27
003629.mp4, 28
003630.mp4, 29
003631.mp4, 30
003632.mp4, 31
003633.mp4, 32
003634.mp4, 33
003635.mp4, 34
003636.mp4, 35
003637.mp4, 36
003638.mp4, 37
003639.mp4, 38
003640.mp4, 39
003641.mp4, 40
003642.mp4, 41
003643.mp4, 42
003644.mp4, 43
003645.mp4, 44
003646.mp4, 45
003647.mp4, 46
003648.mp4, 47
003649.mp4, 48
003650.mp4, 51
003651.mp4, 52
003652.mp4, 53
003653.mp4, 54
003654.mp4, 55
003655.mp4, 56
003656.mp4, 57
003657.mp4, 58
003658.mp4, 59
003659.mp4, 60
003660.mp4, 60
003661.mp4, 61
003662.mp4, 62
003663.mp4, 63
003664.mp4, 64
003665.mp4, 66
003666.mp4, 67
003667.mp4, 68
003668.mp4, 69
003669.mp4, 70
003670.mp4, 49
003671.mp4, 72
003672.mp4, 73
003673.mp4, 76
003674.mp4, 77
003675.mp4, 78
003676.mp4, 79
003677.mp4, 80
003678.mp4, 81
003679.mp4, 82
003680.mp4, 83
003681.mp4, 84
003682.mp4, 84
003683.mp4, 87
003684.mp4, 88
003685.mp4, 89
003686.mp4, 90
003687.mp4, 91
003688.mp4, 92
003689.mp4, 93
003690.mp4, 94
003691.mp4, 95
003692.mp4, 96
003693.mp4, 97
003694.mp4, 60
003695.mp4, 99
003696.mp4, 7
003697.mp4, 8
003698.mp4, 11
003699.mp4, 17
003700.mp4, 18
003701.mp4, 26
003702.mp4, 22
003703.mp4, 25
003704.mp4, 23
003705.mp4, 21
003706.mp4, 24
003707.mp4, 49
003708.mp4, 50
003709.mp4, 65
003710.mp4, 74
003711.mp4, 30
003712.mp4, 85
003713.mp4, 86
004024.mp4, 0
004025.mp4, 1
004026.mp4, 2
004027.mp4, 3
004028.mp4, 4
004029.mp4, 5
004030.mp4, 6
004031.mp4, 7
004032.mp4, 8
004033.mp4, 9
004034.mp4, 10
004035.mp4, 11
004036.mp4, 11
004037.mp4, 17
004038.mp4, 14
004039.mp4, 12
004040.mp4, 18
004041.mp4, 20
004042.mp4, 21
004043.mp4, 22
004044.mp4, 23
004045.mp4, 24
004046.mp4, 25
004047.mp4, 26
004048.mp4, 27
004049.mp4, 28
004050.mp4, 29
004051.mp4, 29
004052.mp4, 30
004053.mp4, 31
004054.mp4, 32
004055.mp4, 33
004056.mp4, 34
004057.mp4, 35
004058.mp4, 36
004059.mp4, 37
004060.mp4, 38
004061.mp4, 39
004062.mp4, 40
004063.mp4, 41
004064.mp4, 42
004065.mp4, 43
004066.mp4, 44
004067.mp4, 45
004068.mp4, 46
004069.mp4, 47
004070.mp4, 48
004071.mp4, 49
004072.mp4, 50
004073.mp4, 51
004074.mp4, 52
004075.mp4, 53
004076.mp4, 54
004077.mp4, 55
004078.mp4, 56
004079.mp4, 57
004080.mp4, 58
004081.mp4, 59
004082.mp4, 60
004083.mp4, 61
004084.mp4, 61
004085.mp4, 62
004086.mp4, 63
004087.mp4, 64
004088.mp4, 65
004089.mp4, 65
004090.mp4, 66
004091.mp4, 67
004092.mp4, 68
004093.mp4, 68
004094.mp4, 69
004095.mp4, 70
004096.mp4, 70
004097.mp4, 71
004098.mp4, 72
004099.mp4, 73
004100.mp4, 74
004101.mp4, 75
004102.mp4, 76
004103.mp4, 77
004104.mp4, 78
004105.mp4, 79
004106.mp4, 80
004107.mp4, 81
004108.mp4, 82
004109.mp4, 83
004110.mp4, 84
004111.mp4, 86
004112.mp4, 87
004113.mp4, 88
004114.mp4, 89
004115.mp4, 90
004116.mp4, 91
004117.mp4, 92
004118.mp4, 93
004119.mp4, 94
004120.mp4, 95
004121.mp4, 96
004122.mp4, 97
004123.mp4, 98
004124.mp4, 99
004125.mp4, 99
004332.mp4, 0
004333.mp4, 1
004334.mp4, 2
004335.mp4, 3
004336.mp4, 4
004337.mp4, 5
004338.mp4, 6
004339.mp4, 6
004340.mp4, 7
004341.mp4, 8
004342.mp4, 9
004343.mp4, 10
004344.mp4, 11
004345.mp4, 17
004346.mp4, 14
004347.mp4, 12
004348.mp4, 18
004349.mp4, 20
004350.mp4, 21
004351.mp4, 22
004352.mp4, 24
004353.mp4, 25
004354.mp4, 27
004355.mp4, 26
004356.mp4, 27
004357.mp4, 27
004358.mp4, 28
004359.mp4, 29
004360.mp4, 29
004361.mp4, 30
004362.mp4, 31
004363.mp4, 32
004364.mp4, 32
004365.mp4, 33
004366.mp4, 34
004367.mp4, 35
004368.mp4, 36
004369.mp4, 37
004370.mp4, 36
004371.mp4, 36
004372.mp4, 37
004373.mp4, 38
004374.mp4, 39
004375.mp4, 40
004376.mp4, 41
004377.mp4, 42
004378.mp4, 49
004379.mp4, 43
004380.mp4, 44
004381.mp4, 45
004382.mp4, 46
004383.mp4, 47
004384.mp4, 48
004385.mp4, 49
004386.mp4, 50
004387.mp4, 51
004388.mp4, 52
004389.mp4, 52
004390.mp4, 53
004391.mp4, 54
004392.mp4, 55
004393.mp4, 56
004394.mp4, 57
004395.mp4, 58
004396.mp4, 59
004397.mp4, 60
004398.mp4, 61
004399.mp4, 62
004400.mp4, 63
004401.mp4, 63
004402.mp4, 64
004403.mp4, 64
004404.mp4, 65
004405.mp4, 66
004406.mp4, 66
004407.mp4, 67
004408.mp4, 68
004409.mp4, 69
004410.mp4, 70
004411.mp4, 49
004412.mp4, 72
004413.mp4, 73
004414.mp4, 74
004415.mp4, 74
004416.mp4, 30
004417.mp4, 76
004418.mp4, 77
004419.mp4, 78
004420.mp4, 79
004421.mp4, 80
004422.mp4, 81
004423.mp4, 82
004424.mp4, 83
004425.mp4, 84
004426.mp4, 85
004427.mp4, 87
004428.mp4, 89
004429.mp4, 88
004430.mp4, 90
004431.mp4, 90
004432.mp4, 91
004433.mp4, 91
004434.mp4, 91
004435.mp4, 93
004436.mp4, 95
004437.mp4, 96
004438.mp4, 97
004439.mp4, 60
004440.mp4, 99
